Id Servicio,Nombre,Foto Servicio,Descripcion
45311,Google Ads,Servicios_Images/45311.Foto Servicio.113712.png,Gestión Mensual de Google Ads
45413,Meta,Servicios_Images/45413.Foto Servicio.113723.png,Gestión Mensual de Redes Sociales
45612,Tik Tok,Servicios_Images/45612.Foto Servicio.113734.png,Gestión Mensual de Tiktok
45892,Google Bsn,Servicios_Images/45892.Foto Servicio.113744.png,Gestión Mensual de Perfil de Empresa de google
48953,Fotografia 360,Servicios_Images/48952.Foto Servicio.113818.png,Recorrido Virtual Para Google Maps
45897,Data,Servicios_Images/45897.Foto Servicio.113830.png,Gestion de Análisis de Datos
45898,Extra,Servicios_Images/45898.Foto Servicio.113901.png,
45899,Sesión de fotos Extra,Servicios_Images/45899.Foto Servicio.113849.png,Sesión de fotos Extra
45901,Fotografía,Servicios_Images/45901.Foto Servicio.113850.png,Sesión Fotográfica para PP o SS
45900,Pagina Web Ecomerce,Servicios_Images/45900.Foto Servicio.113906.png,Armado o Administracion Mensual de Paginas Web
459015,Pagina Web Landing Page,,Armado o Administracion Mensual de Paginas Web
459023,Pagina Web Catalogo,,Armado o Administracion Mensual de Paginas Web
32536rg2,Tik Tok,Servicios_Images/32536rg2.Foto Servicio.203049.jpg,